,id,createdtime,username,tweets
0,1.40929e+18,21-06-2021 23:18,diglu_music,"#Fender
#Fenderjapan
#Stratocaster
ÔºÉ„Çπ„Éà„É©„Éà
#TexasSpecial
#„É§„Éï„Ç™„ÇØ
#Yahoo
#buyee
#„ÇÆ„Çø„Éº
#guitar
#‰∏≠Âè§Ê•ΩÂô®
#used
#usedguitar

RT if you like itÔºÅ

https://t.co/GLPcTuyCTW"
1,1.40928e+18,21-06-2021 22:52,durixekale3,RT @Sleemdaddy10: It's Monday‚õ≤....start before you're ready cos you can never be too ready to startüìù #Bitcoin #crypto #bokoharam #malik #bu‚Ä¶
2,1.40926e+18,21-06-2021 21:04,doyourememberwh,A Little Golden Book Eloise Wilkins Mother Goose Authentic LG Book produced for Chick fil a https://t.co/v8acncvZIm #doyourememberwhen #Etsy #Yahoo https://t.co/T6sA6unZEQ
3,1.40925e+18,21-06-2021 20:28,starrfischl,RT @childedefender: happy #kameraday #yahoo https://t.co/73IbJ77UEQ
4,1.40925e+18,21-06-2021 20:23,ginacrook,RT @roar1968: 1988 Greenall Whitley H'Cap Chase - Yahoo #yahoo https://t.co/PMh7d5dDZE
5,1.40924e+18,21-06-2021 19:55,childedefender,happy #kameraday #yahoo https://t.co/73IbJ77UEQ
6,1.40924e+18,21-06-2021 19:52,roar1968,1988 Greenall Whitley H'Cap Chase - Yahoo #yahoo https://t.co/PMh7d5dDZE
7,1.40916e+18,21-06-2021 14:22,Eurynomestolas,"RT @CryptoDouce: What is the new #MultiVAC Blockchain ?

Read, understand and invest $MTV

#kucoin #PancakeSwap #yahoo #BTC #ETH #Crypto #C‚Ä¶"
8,1.40915e+18,21-06-2021 13:48,reza97437375,"RT @CryptoDouce: What is the new #MultiVAC Blockchain ?

Read, understand and invest $MTV

#kucoin #PancakeSwap #yahoo #BTC #ETH #Crypto #C‚Ä¶"
9,1.40915e+18,21-06-2021 13:46,analystcryto,"RT @CryptoDouce: What is the new #MultiVAC Blockchain ?

Read, understand and invest $MTV

#kucoin #PancakeSwap #yahoo #BTC #ETH #Crypto #C‚Ä¶"
10,1.40915e+18,21-06-2021 13:46,CryptoDouce,"What is the new #MultiVAC Blockchain ?

Read, understand and invest $MTV

#kucoin #PancakeSwap #yahoo #BTC #ETH #Crypto #CryptoNews #cryptotwitter #Stacking #Mining #dogecoin #shib #vet #XRP #KLS #alt #zil #EGLD #HARMONY #TRX #BNB #blockchain #BTT #Coinbase #elon #DODO $sushi https://t.co/3CAjIY0Sdp"
11,1.40914e+18,21-06-2021 13:34,DJ_Carly_B,"Who the fuck still using #Yahoo mail?
üòÇü§£üòÇü§£üòÇ
My username was #billybiglovers ...

Growing up I wonder what was on my mind that timeüòÖ"
12,1.40914e+18,21-06-2021 13:10,S513_com,Zbuzzz Entertainment of Things.  Join us on Facebook for pure entertainment of things #Entertainment #Zbuzzz #internet #facebook #food #youtube #yahoo #instagram #news #netflix #hotels #travel Please Retweet  https://t.co/D4w2ID1nUM FBPB05G
13,1.40913e+18,21-06-2021 12:30,intonenetworks,"The clear blue sky above is something all of us want. Our wants can wait but not our needs. And thinking that way empowers you to work really hard!

#marissamayer #yahoo #ceo #motivation #quotesoftheday #famouspeoplequotes #inspirationalquotes #inspiringquotes #womenempowerment https://t.co/7KA9WfHku5"
14,1.40911e+18,21-06-2021 11:25,JuSomehow,"If I'm not reincarnated as a cat for my next life, i will riot. Being a cat is like experiencing royalty and a gap year at the same time. Social obligations? Nah. Moral obligations? Nah 

#vibes #yolo #yahoo"
15,1.40909e+18,21-06-2021 10:04,doyourememberwh,1964 Aerospace Research Laboratories Research On Analysis Of Variance and Related Topics United States Air Force https://t.co/hmeM7FAB9m #doyourememberwhen #Etsy #Yahoo https://t.co/o4x1rFNvKs
16,1.40906e+18,21-06-2021 08:04,doyourememberwh,Vintage Ted Williams 225 Fishing Reel https://t.co/qyK5i7T5D0 #Etsy #doyourememberwhen #Yahoo https://t.co/GiORTYjPk4
17,1.40906e+18,21-06-2021 07:45,dragonfireuk,"7 Reasons you should be investing in your SEO!
https://t.co/yDZC3CO7P2
.
#SEO #socialmedia #searchengineoptimisation #SERPs #search #Google #Bing #Yahoo #website #optimisation #webdesign #sem #seoagency #webagency #websites #website"
18,1.40904e+18,21-06-2021 06:30,JWonEtsy,"Teal Glass wired Gold chain necklace with wood bead

https://t.co/f4P3DDsWd8

#necklace #glass #wood #gold #handmade #jewelry #paypal #yahoo #shop"
19,1.40901e+18,21-06-2021 04:49,diglu_music,"#Fender
#Fenderjapan
#Stratocaster
ÔºÉ„Çπ„Éà„É©„Éà
#TexasSpecial
#„É§„Éï„Ç™„ÇØ
#Yahoo
#buyee
#„ÇÆ„Çø„Éº
#guitar
#‰∏≠Âè§Ê•ΩÂô®
#used
#usedguitar

RT if you like itÔºÅ

https://t.co/GLPcTuyCTW"
20,1.40898e+18,21-06-2021 02:46,AveRain13,"#UN under #General #AI.
In case if you didn't know.
The Almighty #Google or #Gagol is just a #Copycat of it's origin from #Robin's Li #Baidu.
Before #Yahoo .
So Yes I'm pretty sure. #China is 50 years advanced in #AI #Quant tech than #USA or #SouthKorea.

Need study.ü•∞ #CBDC https://t.co/dP8TtWVxFU"
21,1.40897e+18,21-06-2021 02:16,SridharRaytrace,Your mindüßò‚Äç‚ôÄÔ∏è has to be stronger than your feelingsüë∞  #jailu #jaidev #babyboy #facebook #instagram #twitter #google #yahoo #youtube #blogger #snapchat #blog #helo #sharechat #snapchat #whatsapp #strategic https://t.co/iFY5eJCjg9
22,1.40897e+18,21-06-2021 02:00,webseoanalytics,How to optimize &amp; submit your local search listings on #google #yahoo #bing: https://t.co/7zOKNO4tw3 #SEO #marketing
23,1.40896e+18,21-06-2021 01:30,yycwhatson,"RT @calgarystampede: Can we hear a #yahoo for @saidthewhale who will be joining us at the Stampede Summer Stage on Wednesday, July 14! http‚Ä¶"
24,1.40895e+18,21-06-2021 00:58,Schnapp_shots,Jesus #yahoo deleting all of my emails bc I didn‚Äôt sign in for a year but keeping my account active is the biggest croc of sh*t . Missed the ‚Äúwindow‚Äù by 2months and six days. Ughhh
25,1.40893e+18,20-06-2021 23:17,diglu_music,"#Epiphone #„Ç®„Éî„Éï„Ç©„É≥
#LesPaul #„É¨„Çπ„Éù„Éº„É´
#Ë©¶Â•èÂãïÁîª
#SeymourDuncan #„Çª„Ç§„É¢„Ç¢„ÉÄ„É≥„Ç´„É≥
#SH5 #SH1
#„É§„Éï„Ç™„ÇØ #Yahoo #buyee
#guitar #„ÇÆ„Çø„Éº
#‰∏≠Âè§Ê•ΩÂô® #used #usedguitar

RT if you like itÔºÅ
https://t.co/uDAsnV8xtD
https://t.co/tP4cgbbsT3"
26,1.40889e+18,20-06-2021 21:00,dougsymington,"The ""own the Libs"" base will be out in full of force, even if it (quite literally in this instance) kills them. #ableg #abpoli #yahoo https://t.co/HqW69p9ICq"
27,1.40888e+18,20-06-2021 20:17,Prosper_Kenn,RT @mrparthoseo: I will manually audit both your website and your competitor's site and provide you with a detailed SEO Report that include‚Ä¶
28,1.40888e+18,20-06-2021 20:16,mrparthoseo,"I will manually audit both your website and your competitor's site and provide you with a detailed SEO Report that includes screenshots, explanations, and recommendations. #googleads #SEO #mrparthoseo #Yahoo #YouTuber #business #shop #Amazon #Wikipedia #Facebook #Fiverr #upwork https://t.co/VP6jUxKYmL"
29,1.40886e+18,20-06-2021 18:33,carnivalsathart,#stampede #stampede2021  #westernpartyideas #westerntable #weddingyyc #westernwedding #corporateeventsyyc #partyathome #yahoo #yeehaw  #barreltable #barrelrentals @ Carnivals for Kids at Heart https://t.co/5OoE1MZiij
30,1.40885e+18,20-06-2021 18:23,BigDeporte,"#Opportunity, Learn to Fish Golden Knowledge (#GK) to Unleash Your Unlimited #Growth
üöÄThere are three amazing tools for fishing for Golden Knowledge (GK): #Google, #Bing, and #Yahoo! 
https://t.co/9VN6R8h6DR
https://t.co/75RXkVt1K6
https://t.co/aaNgcDIqHI
https://t.co/CFAGw8S1TA https://t.co/QmBJjEgpbr"
31,1.40882e+18,20-06-2021 16:19,SmitChacha,RT @SmitChacha: Here is how to #rank on top of #searchengines such as #google #yahoo and #bing with #searchengineoptimization get a ton of‚Ä¶
32,1.40882e+18,20-06-2021 16:06,SmitChacha,Here is how to #rank on top of #searchengines such as #google #yahoo and #bing with #searchengineoptimization get a ton of #webtraffic to your #wordpress #blog or #website for free with https://t.co/ftGxo5aWJw an #amazon #bestseller #book with 2021 #seo https://t.co/ftGxo5aWJw
33,1.40882e+18,20-06-2021 16:03,dnatree,"I was covered in thorns, YOU/SPIRIT brought me Roses
https://t.co/w3czLWKRIW
#ideology #ideologies  #Life #Ideologies #Philosophy   #RT #News #Media #FoxNews   #ABC #CBS #CNN #MSNBC #NBC #Politico #HuffPost #Yahoo #NPR #NYTImes  #BostonHerald"
34,1.40882e+18,20-06-2021 16:02,ChristianCrush,@YahooNews I didnt even know #Yahoo was still around
35,1.40882e+18,20-06-2021 15:59,fittertodaybos,"Happy fourth! üòò #socialmedialab #socialpodcasts #APpodcast
 #test #hashtag #yahoo #nike #amazinghashtag #sohotrightnow #incredible2020 @Agorapulse https://t.co/L1ZV8Mo9PR"
36,1.40881e+18,20-06-2021 15:15,itspaul_45,"RT @TechWiings: Oh hi Folks, Today we are gonna talked about the interesting facts of Yahoo

Yahoo Facts Thread üìùüëá
#Yahoo„Éã„É•„Éº„Çπ„ÅÆ„Ç≥„É°„É≥„Éà #Yahoo h‚Ä¶"
37,1.40878e+18,20-06-2021 13:51,guext65,"Cream pearl bead gold stainless steel ring with czs

https://t.co/5MTQlevQrb

#ring #pearl #bead #cz #gold #band #wedding #handmade #jewelry #jw #yahoo #paypal #sale #deal @discount #shop #party"
38,1.40878e+18,20-06-2021 13:44,LovelydayTech,"RT @aka_amunra: #Sims, U have to PERMANENTLY #DELETE all useless #Websites from the #Internet mysteriouslyüí£

#SocialMedia #Twitter #Google‚Ä¶"
39,1.40878e+18,20-06-2021 13:14,gfernandoamb,"#Opportunity, Learn to Fish Golden Knowledge (#GK) to Unleash Your Unlimited #Growth
üöÄThere are three amazing tools for fishing for Golden Knowledge (GK): #Google, #Bing, and #Yahoo! 
https://t.co/95946TQ2ab
https://t.co/wpZgcEPFuA
https://t.co/ZiRtry7bIp
https://t.co/ymzwZ033aR https://t.co/LvdN7rtxc7"
40,1.40877e+18,20-06-2021 13:10,S513_com,Zbuzzz Entertainment of Things.  Join us on Facebook for pure entertainment of things #Entertainment #Zbuzzz #internet #facebook #food #youtube #yahoo #instagram #news #netflix #hotels #travel Please Retweet  https://t.co/D4w2ID1nUM FBPB04G
41,1.40877e+18,20-06-2021 13:10,S513_com,Zbuzzz Entertainment of Things.  Join us on Facebook for pure entertainment of things #Entertainment #Zbuzzz #internet #facebook #food #youtube #yahoo #instagram #news #netflix #hotels #travel Please Retweet  https://t.co/D4w2ID1nUM FBPB03G
42,1.40877e+18,20-06-2021 12:58,PrivateEyeBlog,"BT own Fibre Optics In UK courtesy of King Matthew I 
#Instagram 
#Facebook 
#TikTok
#Telegram 
#Google 
#Snapchat 
#Messenger 
#Yahoo"
43,1.40877e+18,20-06-2021 12:52,asuttmiller,"If your #website forces users to create new accounts, rather than using #Google, #Microsoft, #Yahoo, #GitHub, #Facebook, or other major identity provider, you are probably bouncing new #users. Federated login can increase security and reduce new user friction. #SSO #IdP #OAuth"
44,1.40877e+18,20-06-2021 12:51,AkaAmunra,"RT @aka_amunra: #Sims, U have to PERMANENTLY #DELETE all useless #Websites from the #Internet mysteriouslyüí£

#SocialMedia #Twitter #Google‚Ä¶"
45,1.40877e+18,20-06-2021 12:51,aka_amunra,"#Sims, U have to PERMANENTLY #DELETE all useless #Websites from the #Internet mysteriouslyüí£

#SocialMedia #Twitter #Google #Hack #Mindhack #EthicalHacker #Army #Military #AirForce #Lawyer #Law #Facebook #MySpace #LinkedIn #Yahoo #Bing #Microsoft #AWS #Amazon #AliBaba #WhiteHouse https://t.co/vaA9mW8qS5"
46,1.40877e+18,20-06-2021 12:47,diglu_music,"#Fender
#Fenderjapan
#Stratocaster
ÔºÉ„Çπ„Éà„É©„Éà
#TexasSpecial
#„É§„Éï„Ç™„ÇØ
#Yahoo
#buyee
#„ÇÆ„Çø„Éº
#guitar
#‰∏≠Âè§Ê•ΩÂô®
#used
#usedguitar

RT if you like itÔºÅ

https://t.co/GLPcTuyCTW"
47,1.40876e+18,20-06-2021 12:27,JWonEtsy,"Green quartz chain necklace

https://t.co/iHKFj9pec7

#necklace #quartz #green #silver #chain #handmade #jewelry #yahoo #paypal #freeshipping @deal #shopdeal #boho #chic"
48,1.40873e+18,20-06-2021 10:26,SmitChacha,RT @SmitChacha: Did you know you can #rank on the top of #searchengines such as #google #yahoo and #bing get a ton of #webtraffic to your #‚Ä¶
49,1.40873e+18,20-06-2021 10:12,SmitChacha,Did you know you can #rank on the top of #searchengines such as #google #yahoo and #bing get a ton of #webtraffic to your #wordpress #blog or #website with 2021 #seo #tips https://t.co/RxppjCCTXf all #whitehat #techniques to rank you blog #online https://t.co/RxppjCCTXf
50,1.40873e+18,20-06-2021 10:04,doyourememberwh,Kleinert's Slip - On With Rubber Lined Shields 2481 Black Small 30 32 https://t.co/4DH8MLM2GZ #doyourememberwhen #Etsy #Yahoo https://t.co/maUh2LkpdE
51,1.40869e+18,20-06-2021 07:46,guext65,"Rainbow quartz stainless steel ring

https://t.co/ktA2ETixER

#ring #quartz #rainbow #silver #band #wedding #jw #yahoo #paypal #freeshipping #onlineshopping #party"
52,1.40867e+18,20-06-2021 06:23,JWonEtsy,"Amethyst Stainless Steel Ring with gold chain

https://t.co/onEI9UilVG

#ring #amethyst #gold #silver #handmade #jewelry #jw #yahoo #paypal #freeshipping #deal #discount #party #shopmycloset"
53,1.40865e+18,20-06-2021 04:38,samyakonline,"To hire the trained, professional, and experienced #YahooStore Designers in India, contact #SamyakOnline, New Delhi, India. To Know more üëâ https://t.co/cJ4MTS1gaC! Please üìû us at 919810083308! or WhatsApp https://t.co/diKEDkDuOY! #Yahoo #YahooStores #eCommerce #FolloMe https://t.co/2SYRJF4p2D"
54,1.40864e+18,20-06-2021 04:33,edjlazar,RT @lifestylelaura: I‚Äôm humbled &amp; excited to share this with U. I feel like I‚Äôm dreaming. Just went live: ‚ÄúTop 10 Influential Women on Inst‚Ä¶
55,1.40864e+18,20-06-2021 04:04,doyourememberwh,Glasbake Heat Resisitant Love is Another Name For Mother Mug https://t.co/LGr3SMZbvR #Etsy #doyourememberwhen #Yahoo https://t.co/ybgZMyUUqw
56,1.40863e+18,20-06-2021 03:47,diglu_music,"#„ÇÆ„Çø„Éº„Ç±„Éº„Çπ
#„Ç¢„Ç≥„ÇÆ
#RITTER
#„É™„ÉÉ„Çø„Éº
#„Ç¢„Ç≥„Éº„Çπ„ÉÜ„Ç£„ÉÉ„ÇØ„ÇÆ„Çø„Éº
#„Éâ„É¨„ÉÉ„Éâ„Éé„Éº„Éà
#„ÇÆ„Ç∞„Éê„ÉÉ„Ç∞
#RGP5D
#NBK
#Êñ∞Âè§ÂìÅ
#used
#„É§„Éï„Ç™„ÇØ
#Yahoo
#buyee

RT if you like itÔºÅ

https://t.co/8piozQuQDN"
57,1.40861e+18,20-06-2021 02:30,webseoanalytics,#SEO Tip:Analyze your webpage &amp; find your optimized keywords: https://t.co/dLMyYHRp8W #web #google #bing #yahoo
58,1.4086e+18,20-06-2021 01:30,archikangupta,"How to create email signature in #Outlook, #Gmail and #Yahoo mail https://t.co/ulKRkEAxLY"
59,1.4086e+18,20-06-2021 01:20,realmethod41,#Google versus eBay; room to spare https://t.co/28N9A2wmhG #charlierose #demicartel #ebay #economics #ericschmidt #freemarket #innovation #kpcb #raylane #yahoo
60,1.40859e+18,20-06-2021 01:06,eDeathGuide,Teenage son discovers his deceased father‚Äôs ghost car in Xbox rally game Click here to view original web https://t.co/vszdrWJbKz #yahoo
61,1.40859e+18,20-06-2021 00:37,rickornelas,RT @TheChameleon777: 1 new opening in a 12 team keeper fantasy football league (not dynasty) run on Yahoo. 1st place can win up to $750 + k‚Ä¶
62,1.40858e+18,20-06-2021 00:36,CT_FOX,RT @TheChameleon777: 1 new opening in a 12 team keeper fantasy football league (not dynasty) run on Yahoo. 1st place can win up to $750 + k‚Ä¶
63,1.40858e+18,20-06-2021 00:34,teiji_matsuo,"RT @ReleaseI: Using the most modern technologies - AI, blockchain and Big Data, we will radically change the logistics of agriculture and f‚Ä¶"
64,1.40858e+18,20-06-2021 00:08,shd_horie,"RT @ReleaseI: Using the most modern technologies - AI, blockchain and Big Data, we will radically change the logistics of agriculture and f‚Ä¶"
65,1.40858e+18,20-06-2021 00:07,Gametime490,RT @TheChameleon777: 1 new opening in a 12 team keeper fantasy football league (not dynasty) run on Yahoo. 1st place can win up to $750 + k‚Ä¶
66,1.40858e+18,20-06-2021 00:03,TechOnDeck212,RT @TheChameleon777: 1 new opening in a 12 team keeper fantasy football league (not dynasty) run on Yahoo. 1st place can win up to $750 + k‚Ä¶
67,1.40858e+18,20-06-2021 00:03,TheChameleon777,"1 new opening in a 12 team keeper fantasy football league (not dynasty) run on Yahoo. 1st place can win up to $750 + keeper money. 2nd and 3rd pay out as well. DM me if interested and if not I always appreciate an RT!
#FantasyFootball #KeeperLeague #Fantasy #Yahoo #LeagueFinder"
68,1.40858e+18,20-06-2021 00:00,Buffalo8Pro,"Check out the BondIt fully financed film ‚ÄòGasoline Alley‚Äô starring #BruceWillis and #DevonSawa with Saban Films now handling distribution in North America!

https://t.co/mFG4JWTRj7 

#YahooEntertainment #Yahoo #Detective #Thriller #FilmFinance #BondItMediaCapital #BondIt"
69,1.40854e+18,19-06-2021 21:27,auteurresearch,"RT @calgarystampede: Can we hear a #yahoo for @saidthewhale who will be joining us at the Stampede Summer Stage on Wednesday, July 14! http‚Ä¶"
70,1.40854e+18,19-06-2021 21:26,AlexTnut,"RT @ReleaseI: Using the most modern technologies - AI, blockchain and Big Data, we will radically change the logistics of agriculture and f‚Ä¶"
71,1.40854e+18,19-06-2021 21:23,kanaitatsuo,"RT @ReleaseI: Using the most modern technologies - AI, blockchain and Big Data, we will radically change the logistics of agriculture and f‚Ä¶"
72,1.40852e+18,19-06-2021 20:29,StoneAgeCrytpo,"@LilMoonLambo I own 5x-6X more $ETH than $ADA - and much much more #erc20 than either.

I remember 2002. We all used #yahoo, until #google showed up.

And I don‚Äôt have to tell you who the ‚Äúcollege grad‚Äù is in this little metaphor."
73,1.40852e+18,19-06-2021 20:04,omatomenet,"RT @ReleaseI: Using the most modern technologies - AI, blockchain and Big Data, we will radically change the logistics of agriculture and f‚Ä¶"
74,1.40851e+18,19-06-2021 19:53,Manuel39159824,"RT @ReleaseI: Using the most modern technologies - AI, blockchain and Big Data, we will radically change the logistics of agriculture and f‚Ä¶"
75,1.40851e+18,19-06-2021 19:51,ReleaseI,"Using the most modern technologies - AI, blockchain and Big Data, we will radically change the logistics of agriculture and fisheries!

#Yahoo #Finance 
https://t.co/nlzuiu5P7T

#REL #Blockchain #Agriculture #Fishery #Cryptocurrency #Bitcoin #BTC  #Investor #investment #Commerce https://t.co/OkSOqKNAEb"
76,1.40849e+18,19-06-2021 18:14,JWonEtsy,"Pink quartz stainless steel ring

https://t.co/7ybqULUoWa

#ring #pink #quartz #silver #handmade #jw #jewelry #yahoo #paypal #freeshipping #shopsmall #boho"
77,1.40847e+18,19-06-2021 17:06,lorenzoreyes_x,"Happy to announce a new project release. 
Argentina Forex Watch!!!!! 
Gather information about the market, currencies, futures, different perspective and send reports
Have fun
#Financial #Python3 #Yahoo 

https://t.co/MxHDNuBsms https://t.co/7HWFgOZzXj"
78,1.40847e+18,19-06-2021 16:43,hsgradigital,"Best Brand Promotion Company in USA
https://t.co/57Z4i2cDnL

#BestBrandPromotionCompanyinUSA #BestBrandPromotionCompany #BestBrandPromotion #BrandPromotion #Searchengine #search #Google #GoogleBrandPromotion #Bing #BingBrandPromotion #Yahoo #YahooBrandPromotion #HSGRA https://t.co/jYhx1SSfci"
79,1.40847e+18,19-06-2021 16:40,hsgradigital,"Top Brand Promotion Companies in USA
https://t.co/Sy7BkcyjVs

#TopBrandPromotionCompaniesinUSA #TopBrandPromotionCompanies #TopBrandPromotion #BrandPromotion #Searchengine #search #Google #GoogleBrandPromotion #Bing #BingBrandPromotion #Yahoo #YahooBrandPromotion #HSGRA https://t.co/4rQ9ob15Ht"
80,1.40846e+18,19-06-2021 16:38,hsgradigital,"Top Brand Promotion Company in USA
https://t.co/Sy7BkcyjVs

#TopBrandPromotionCompanyinUSA #TopBrandPromotionCompany #TopBrandPromotion #BrandPromotion #Searchengine #search #Google #GoogleBrandPromotion #Bing #BingBrandPromotion #Yahoo #YahooBrandPromotion #HSGRA https://t.co/9noLZQiIbD"
81,1.40846e+18,19-06-2021 16:36,BuzzandBiz1,"Here are the reasons why Yahoo! failed as a company.

Here: https://t.co/8ni5eIph7L

#internet #yahoo #yahoofail #fails #internetwar #war #business #Businessfinance #startups #buzzandbiz #buzzandbizblogs #Google #Facebook 
@Yahoo https://t.co/TQscbXji1N"
82,1.40846e+18,19-06-2021 16:36,hsgradigital,"Brand Promotion Companies in USA
https://t.co/Sy7BkcyjVs

#BrandPromotionCompaniesinUSA #BrandPromotionCompanies #Wikipedia #BrandPromotion #Searchengine #search #Google #GoogleBrandPromotion #Bing 
#BingBrandPromotion #Yahoo #YahooBrandPromotion #HSGRA #ASKSearch https://t.co/1KsOUSSLAE"
83,1.40846e+18,19-06-2021 16:33,hsgradigital,"Brand Promotion Company in USA
https://t.co/Sy7BkcyjVs

#BrandPromotionCompanyinUSA #BrandPromotionCompany #Wikipedia #BrandPromotion #Google #GoogleBrandPromotion #Bing #BingBrandPromotion #Yahoo #YahooBrandPromotion #HSGRA #ASKSearch https://t.co/bL9gezMPl1"
84,1.40845e+18,19-06-2021 15:35,TechWiings,"Oh hi Folks, Today we are gonna talked about the interesting facts of Yahoo

Yahoo Facts Thread üìùüëá
#Yahoo„Éã„É•„Éº„Çπ„ÅÆ„Ç≥„É°„É≥„Éà #Yahoo https://t.co/3USFFPTyTb"
85,1.40844e+18,19-06-2021 15:00,YahooSmBusiness,"Read the full comic here  https://t.co/D80mAwgNAI

#yahoo #smallbusiness #lobby #entrepreneur #fun #comics #comicstrip #funnyfriday #YSB

Call us! 1-833-740-1740 https://t.co/8ilCLpxnfS"
86,1.40842e+18,19-06-2021 13:58,CountryClodagh,"I just reminded Gorsey that it's Friiidaaaaaay...I think he'd forgotten ü§£ü§£üêé....Ye haaaü§†
#FridayFeeling #FridayFeeling #Horses #Yahoo #HappyFriday https://t.co/QnH2YxFGDI"
87,1.40841e+18,19-06-2021 13:19,diglu_music,"#Epiphone #„Ç®„Éî„Éï„Ç©„É≥
#LesPaul #„É¨„Çπ„Éù„Éº„É´
#Ë©¶Â•èÂãïÁîª
#SeymourDuncan #„Çª„Ç§„É¢„Ç¢„ÉÄ„É≥„Ç´„É≥
#SH5 #SH1
#„É§„Éï„Ç™„ÇØ #Yahoo #buyee
#guitar #„ÇÆ„Çø„Éº
#‰∏≠Âè§Ê•ΩÂô® #used #usedguitar

RT if you like itÔºÅ
https://t.co/uDAsnV8xtD
https://t.co/tP4cgbbsT3"
88,1.4084e+18,19-06-2021 12:09,JWonEtsy,"Brown Quartz Heart Chain Necklace with Pearl Bead

https://t.co/JjmHIB7cmu

#necklace #quartz #pearl #chain #handmade #jw #yahoo #paypal #shopmycloset #deal #discount #nyc"
89,1.40839e+18,19-06-2021 11:58,x3tko,No one loves baseball like Jazz Chisholm ‚Äì and the Marlins rookie is convinced the game will reciprocate #Yahoo... https://t.co/KJAbzHUa4W
90,1.40839e+18,19-06-2021 11:32,Democraticist,"1.
Do you care for your privacy, as a Human being?
Well, STOP using #Google #Yahoo #Hotmail etc. as you LOGIN mail for anything really!
Get a domain and a hosting 'cheap' package and manage it your self using webmail.
&gt;&gt;&gt;"
91,1.40835e+18,19-06-2021 08:43,Mrinal_Da,"RT @mrinaldevburman: we can't forget you all the time,#Analytics #Google #GoogleMeet #philanthropy #blogger #Twitter #myspace #Instagram #l‚Ä¶"
92,1.40835e+18,19-06-2021 08:43,Mrinal_Da,"RT @Mrinal_Da: we can't forget you all the time,#Analytics #Google #GoogleMeet #philanthropy #blogger #Twitter #myspace #Instagram #linkedi‚Ä¶"
93,1.40832e+18,19-06-2021 07:12,humanoid_info,"RT @MertiumFin: Bitcoin Millionaires Aren‚Äôt What They Used to Be

Via @LionelRALaurent  
@stratorob @efipm  @mvollmer1 

For More Trending‚Ä¶"
94,1.40831e+18,19-06-2021 06:34,hauspostnews,"JUNE 23, 2021 - @YahooFinance 
Vrbo President on vacation rentals supply: ‚ÄòFor most peak days there are not enough‚Äô
https://t.co/XbAqG0qBEs
#vrbo #yahoofinance #yahoo #hauspost #homesharing #shorttermrentals"
95,1.40831e+18,19-06-2021 06:29,smallbiznessbot,"RT @JWonEtsy: Mint Green Rose Stainless Steel Ring

https://t.co/ZbMJOX1NiB

#ring #rose #green #silver #adjustable #jw #yahoo #paypal #sho‚Ä¶"
96,1.4083e+18,19-06-2021 06:04,JWonEtsy,"Mint Green Rose Stainless Steel Ring

https://t.co/ZbMJOX1NiB

#ring #rose #green #silver #adjustable #jw #yahoo #paypal #shopsmallbusiness #cute"
97,1.4083e+18,19-06-2021 05:27,mrinaldevburman,"RT @mrinaldevburman: we can't forget you all the time,#Analytics #Google #GoogleMeet #philanthropy #blogger #Twitter #myspace #Instagram #l‚Ä¶"
98,1.40829e+18,19-06-2021 05:00,webseoanalytics,Submit your site Now to 30+ Search Engines &amp; Directories: https://t.co/B97mUpARpK #google #yahoo #bing #seo
99,1.40828e+18,19-06-2021 04:16,morolswediu,"RT @PixelettetechPk: Yahoo has shut down its answers from May 4, and users have until June 30 to download their data. Yahoo does not mentio‚Ä¶"
100,1.40828e+18,19-06-2021 04:15,senseifortnite1,"RT @PixelettetechPk: Yahoo has shut down its answers from May 4, and users have until June 30 to download their data. Yahoo does not mentio‚Ä¶"
101,1.40825e+18,19-06-2021 02:15,JonWill44783402,We'll be brewing our own gas before long! ü§ó #Trump #Pacers #people #USA #Google #yahoo #zoom  #instagram #TikTok #twitchstreamer #Twitter #Nation #NationalBeerDay #NationalLibraryWeek #nascar #FoxNews #MSNBC #ABC #CBS #COVID #pubicawareness #everyone #AmericanRescuePlan #America
102,1.40824e+18,19-06-2021 01:53,BernieBirdDog,"@MLByahoosports @YahooSports #ESPN has it right

#yahoo MESSES up again!

@espn 
@YahooSports 
@MLB 

yahoo hates Jacob DeGrom @Mets https://t.co/wxmGrhQ8Bk"
103,1.40818e+18,18-06-2021 21:59,fittertodaybos,"today is KB TIME!  #test #hashtag #yahoo #nike #socialmedialab #socialpodcasts #APpodcast
 #amazinghashtag #sohotrightnow #incredible2020 #fit #strong Check out our promitions Check out our promitions https://t.co/CbS3MWsV5O"
104,1.40814e+18,18-06-2021 19:19,guext65,"Mix gems stainless steel ring

https://t.co/QwsbJCh3qv

#ring #gem #silver #handmade #jewelry #jw #yahoo #paypal #freeshipping #boho #shopsmall"
105,1.40814e+18,18-06-2021 18:58,mrinaldevburman,"we can't forget you all the time,#Analytics #Google #GoogleMeet #philanthropy #blogger #Twitter #myspace #Instagram #linkedin #Profile #Facebook #Yahoo #yahoonews 
#quranquotes #goodmorning #music #Tripura #Bangladesh #Trends #netfilx #Wikipedia #WikiLeaks #wikibio #pinterest https://t.co/IM4iAXffO3"
106,1.40814e+18,18-06-2021 18:56,Mrinal_Da,"we can't forget you all the time,#Analytics #Google #GoogleMeet #philanthropy #blogger #Twitter #myspace #Instagram #linkedin #Profile #Facebook #Yahoo #yahoonews 
#quranquotes #goodmorning #music #Tripura #Bangladesh #Trends #netfilx #Wikipedia #WikiLeaks #wikibio #pinterest"
107,1.40814e+18,18-06-2021 18:54,KernBand,The countdown is on! Are you  as excited as we are? #great #news #waitforit #yahoo
108,1.40813e+18,18-06-2021 18:13,TerryKaye714,RT @TerryKaye714: What‚Äôs ur #seafood preference.?üá∫üá∏  #Polls #USA #media #COVID #TwitterPoll #Android #ipad #mtf #iPhone #Mask #Apple #poll‚Ä¶
109,1.40812e+18,18-06-2021 17:35,PROPHECYandNEWS,"NOBODY SEES THIS BUT ME??!
#Yahoo news tagged the wrong $GGII and I think there will be a crash once people find out. BIG ERROR and nobody sees it. See if YOU can make some $$$ on this dumb Yahoo #mistake!
https://t.co/Ifg0nZZW4v

Just sayin! [You can thank me with money! üíã] https://t.co/k5kvdWGMMj"
110,1.40812e+18,18-06-2021 17:31,ReturnOfBlues,#RTPlz #YAHOO  #Resistance  Rudy Giuliani suspended from practicing law in N.Y. over false 2020 election claims https://t.co/fd9XWdRvDB via @Yahoo
111,1.40808e+18,18-06-2021 15:00,YahooSmBusiness,"It‚Äôs always important to appreciate your customers and stay connected. It‚Äôs all the more critical now! 

Learn more https://t.co/2OM0THtPH0

#yahoo #smallbusiness #shopsmall #community #giveback #covid19 #lead #YSB"
112,1.40807e+18,18-06-2021 14:15,calgarystampede,"Can we hear a #yahoo for @saidthewhale who will be joining us at the Stampede Summer Stage on Wednesday, July 14! https://t.co/AQnerCPYRt"
113,1.40806e+18,18-06-2021 13:35,chitteshBMsham,@__Sun__ https://t.co/6qZ86P19iH the only good thing about #Yahoo
114,1.40804e+18,18-06-2021 12:23,cryptoshib,@Cava_Official Changing with World With $CAVA and Community Driven Charitable Missions - https://t.co/xkBoHzG8dh #cryptotwitter #Crypto #CryptoNews #cryptocurrency #Yahoo #yahoofinance
115,1.40804e+18,18-06-2021 12:21,machinelearnTec,"RT @MertiumFin: Bitcoin Millionaires Aren‚Äôt What They Used to Be

Via @LionelRALaurent  
@stratorob @efipm  @mvollmer1 

For More Trending‚Ä¶"
116,1.40804e+18,18-06-2021 12:20,JWonEtsy,"Silver Flower Drop Stainless Steel Earrings

https://t.co/NjuicMqZHJ

#earrings #silver #flower #dangle #bronze #fashion #handmade #jw #yahoo #paypal #ale #discount #deal"
117,1.40804e+18,18-06-2021 12:17,diglu_music,"#Epiphone #SG #„Ç®„Éî„Éï„Ç©„É≥
#GibsonPU
#490T #490R
#Yahoo #buyee #„É§„Éï„Ç™„ÇØ
#guitar #Guitarist #„ÇÆ„Çø„Éº
#used #usedguitar #‰∏≠Âè§Ê•ΩÂô®

https://t.co/7TV5mpANB4
https://t.co/XFG0VY6thg

RT if you like itÔºÅ"
118,1.40803e+18,18-06-2021 11:58,Blockchain_exp,"RT @MertiumFin: Bitcoin Millionaires Aren‚Äôt What They Used to Be

Via @LionelRALaurent  
@stratorob @efipm  @mvollmer1 

For More Trending‚Ä¶"
119,1.40803e+18,18-06-2021 11:44,Artificialbra1n,RT @LawrenceTomm: Hewlett Packard Enterprise Acquires Determined AI to Accelerate Artificial Intelligence Innovation with Fast and Simple M‚Ä¶
120,1.40802e+18,18-06-2021 11:15,BigBull1029,Young people infected with the Delta variant were behind the U.K.‚Äôs recent rise in cases. #yahoo
121,1.40801e+18,18-06-2021 10:50,chemical_news,"Boomitra announced a seed investment of US$4 million USD led by Yara Growth Ventures

https://t.co/s1B6CGOMze

#Boomitra #YaraGrowthVentures  #AgoroCarbonAlliance  #ChevronTechnologyVentures  #JerryYang  #Yahoo #AadithMoorthy

@Boomitra  @yara  @AgoroCarbon @Chevron @Yahoo"
122,1.40799e+18,18-06-2021 08:59,thenewshooked,"SoftBank CEO Masayoshi Son says he wants to be 21st century Rothschild
#News #Politics #Wag #Rothschild #Masa #WeWork #Watt #SoftBank #Yahoo #TheVisionFund #JamesWatt #SoftBankGroup #MasayoshiSon #NAV #AI
https://t.co/GvoDpGvley"
123,1.40798e+18,18-06-2021 08:43,crypto_gcc,"#XRP is Just Like #Google &amp; #Yahoo - #amazon &amp; traditional market , #netflix &amp; #Cinema - You just still don‚Äôt get it folks ü§åüèªüíé https://t.co/Ez12u6qvz0"
124,1.40796e+18,18-06-2021 07:32,guext65,"Asian Style Small Cross body Bag

https://t.co/aWDu6vVjrr

#bag #cross #cotton #asian #style #red #black #flower #yahoo #paypal #fashion #cute #deal #shopsmallbusiness"
125,1.40796e+18,18-06-2021 07:26,lbstweets,Check out my Gig on Fiverr: guest post on abilogic da50 and tf 63 https://t.co/2DZkbgZSnJ #abilogic #DA50 #DA60 #DA70 #DA80 #GuestPost #guestposting #linkbuilding #seo #sem #links #backlinks #SeoInGuk #forbes #inc #usatoday #yahoo
126,1.40795e+18,18-06-2021 06:31,cybertuff,RT @R3sp_Cyb3r: Are #password managers safe? Cybersafety experts weigh in ! Our CEO speaks on #Yahoo #News Another way to keep your passwor‚Ä¶
127,1.40795e+18,18-06-2021 06:17,JWonEtsy,"Puzzle Stainless Steel Chain Bracelet

https://t.co/lgB7YySgAC

#bracelet #puzzle #chain #silver #fashion #new #punk #jw #yahoo #paypal #shopsmall #boho"
128,1.40792e+18,18-06-2021 04:47,TerryKaye2,RT @TerryKaye714: What‚Äôs ur #seafood preference.?üá∫üá∏  #Polls #USA #media #COVID #TwitterPoll #Android #ipad #mtf #iPhone #Mask #Apple #poll‚Ä¶
129,1.4079e+18,18-06-2021 03:30,webseoanalytics,#SEO Tip:Redirect https://t.co/mnFVqaFGSS to https://t.co/qabmEEUrRj by using 301 redirection. #google #yahoo #bing #web
130,1.40788e+18,18-06-2021 01:56,FredNeo90,"Just Strike It!

$STRIKE #TRADE_STRIKE #YAHOO
@MoonSkyCrypto
@TheLondonCrypto https://t.co/5VFKez8mbv"
131,1.40784e+18,17-06-2021 23:22,yalu103,#AMCStrong Let‚Äôs Go #AMC #AMC100K #AMCARMY #AMCPARTY #AMC #AMCToTheMoon #AMCSqueeze #OccupyWallstreetAMC  #AMCStrong #AMCTheaters #NakedShorts #Yahoo üòÇ https://t.co/tR48zm181C
132,1.40779e+18,17-06-2021 20:15,ingenioustm,Is it true that #yahoo blocked apes from #amc conversations ?  now suddenly available after market close
133,1.40779e+18,17-06-2021 19:38,MirageNewsCom,"Human Rights Organizations Urge Transparency and Accountability for #Egypt's ... 
https://t.co/sl71sk6h50
#America #Crackdown #Detention #HumanRights #HumanRightsWatch #Intelligence #Istanbul #MiddleEast #President #Sanctions #SaudiArabia #UnitedStates #Washington #Yahoo https://t.co/hFVoim84RO"
134,1.40778e+18,17-06-2021 19:26,guext65,"Smoky Quartz Chain Necklace

https://t.co/CPE78m4nUL

#necklace #quartz #black #bronze #handmade #jw #yahoo #paypal #sale #deal #shopsmall #boho"
135,1.40778e+18,17-06-2021 19:04,doyourememberwh,Vintage N A A C P Christmas Seal Stamps and  60 Years Stamp 1969 &amp; 72 https://t.co/zlPm8biCDS #doyourememberwhen #Etsy #Yahoo https://t.co/avj8IH1FEN
136,1.40778e+18,17-06-2021 18:58,King1Kita,RT @Royalgaitor: @chris_notcapn #yahoo shows how #CamillaTomineyIsALiar
137,1.40777e+18,17-06-2021 18:57,FayPmb,RT @Royalgaitor: @chris_notcapn #yahoo shows how #CamillaTomineyIsALiar
138,1.40777e+18,17-06-2021 18:30,webseoanalytics,Check your competitors' rankings on #google #yahoo &amp; #bing and compare them with yours: https://t.co/W40Sy2JP0H #seo
139,1.40776e+18,17-06-2021 17:51,Royalgaitor,@chris_notcapn #yahoo shows how #CamillaTomineyIsALiar
140,1.40776e+18,17-06-2021 17:38,hsgradigital,"No 1 Brand Promotion Agencies in India
https://t.co/Sy7BkcyjVs

#No1BrandPromotionAgenciesinIndia #No1BrandPromotionAgencies #No1BrandPromotion #BrandPromotion #Searchengine #Google #BingBrandPromotion #Yahoo #YahooBrandPromotion #HSGRA #Wikipedia #GoogleBrandPromotion #Bing https://t.co/AaXvZ2m03R"
141,1.40775e+18,17-06-2021 17:35,hsgradigital,"No 1 Brand Promotion Agency in India
https://t.co/Sy7BkcyjVs

#No1BrandPromotionAgencyinIndia #No1BrandPromotionAgency #No1BrandPromotion #BrandPromotion #Searchengine #Search #Google #BingBrandPromotion #Yahoo #YahooBrandPromotion #HSGRA #Wikipedia #GoogleBrandPromotion #Bing https://t.co/ZxFLLrKhGi"
142,1.40775e+18,17-06-2021 17:32,hsgradigital,"Best Brand Promotion Agencies in India
https://t.co/Sy7BkcyjVs

#BestBrandPromotionAgenciesinIndia #BestBrandPromotionAgencies #BestBrandPromotion #BrandPromotion #Searchengine  #Google #GoogleBrandPromotion #Bing #BingBrandPromotion #Yahoo #YahooBrandPromotion #HSGRA #Wikipedia https://t.co/4OToOmUEbx"
143,1.40775e+18,17-06-2021 17:21,meenaxi76424612,"RT @SarvOfficial: Guess The Founders &amp; CEOs. Quiz: 03

#Sarv #GuessFounders #CEOs #famousfounders #quiz03 #SearchEngine #Yahoo #QuizKnock #‚Ä¶"
144,1.40775e+18,17-06-2021 17:15,justlynnp,#CanadianPress #yahoo your article does not show the carnage #CER permitted contractors to do until #ECCC got involved!   Trans Mountain tree cutting can resume as stop-work order on pipeline route lifts. #StopTMX  https://t.co/ZJGTGEL5NM
145,1.40774e+18,17-06-2021 16:40,Mariabella912,"#CamillaTominey never went to the üëÆ‚Äç‚ôÄÔ∏è even AFTER the #met ask her to. 

She went to Twitter to first.

For a tweet that never mentions H&amp;M,
with no time stamp, from an acct that #yahoo says doesn‚Äôt exist. 

Something doesn‚Äôt pass the smell test #CamillaTomineyIsALiar https://t.co/NRPoIleIP9"
146,1.40774e+18,17-06-2021 16:27,2tall4u2,RT @BlackZorro07: @2tall4u2 @TMZ @CBSNews @GMA She really has been exposed‚Ä¶ and frankly anyone who references her in the future needs to ca‚Ä¶
147,1.40774e+18,17-06-2021 16:24,upstractcom,"Total e-commerce sales during Amazon Prime Day surpass $11 billion, Adobe says #adobe #echodot #cnn #yahoo #cnbcthe #amazon https://t.co/N7sgfPCrAU"
148,1.40773e+18,17-06-2021 15:58,MertiumFin,"Bitcoin Millionaires Aren‚Äôt What They Used to Be

Via @LionelRALaurent  
@stratorob @efipm  @mvollmer1 

For More Trending crypto And Finance News,
Please visit: https://t.co/8oqUfDO66i

#cryptocurrency #Bitcoin #being #yahoo https://t.co/70yrkp23NY"
149,1.40772e+18,17-06-2021 15:13,ShrabonAhamme10,"I need a regular buyer who will buy in bulk services from me every day at a cheap price.

#Google_Voice#Edu_mail.
#Gmail #yahoo #Outlook
#USA_BANK_ACCOUNT #Paypal_acc
#LinkedIn #Twitte #Facebook 

Skype: live:.cid.f3db3457c5230955
WhatsApp:+8801889179489
WeChat: usaseoreviews"
150,1.40772e+18,17-06-2021 15:13,BlackZorro07,"@2tall4u2 @TMZ @CBSNews @GMA She really has been exposed‚Ä¶ and frankly anyone who references her in the future needs to caveat it with ‚Äúup next we have the recurrent #meghanMarkle hater who has been outed as a liar by #yahoo‚Äù #CamillaTomineyIsALiar!

To think that she would fabricate hate Mail to frame Megü§Ø"
151,1.40772e+18,17-06-2021 15:03,stories_startup,"It‚Äôs said two is better than one.

#Startupstories #SS #warrenbuffett #warrenbuffet #charliemunger #larrypage #sergeybrin #jerryyang #davidfilo #billhewlett #davepackard #sachinbansal #binnybansal #flipkart #hp #hpcomputer #yahoo #yahooyahoo #google #alphabet #berkshirehathaway https://t.co/Qe7QoExtjp"
152,1.40771e+18,17-06-2021 14:45,io_domains,Auction for #domain https://t.co/G0Bg8qLvMg ends in 2 hours! https://t.co/GVPEGKqLUT #yahoo #to
153,1.40771e+18,17-06-2021 14:29,LettuceLove2,"Is anyone else having problems with the #yahoofinance app?? 
#yahoo #stocks #stockmarket #apple #cryptocrash #Trending"
154,1.40771e+18,17-06-2021 14:28,legpac,.@Twitter @Yahoo @YahooFinance No #response from #yahoo re their #finance #site and #app not #working!!!
155,1.40771e+18,17-06-2021 14:26,Cain752,"#Yahoo #YahooFinance #Bitcoin #BTC #cryptocurrency #cryptocurrencies #Crypto #Dubai #Nasdaq #fund #pratapengar #finanstwitter #fintwit #Reuters 
Bitcoin Fund makes Nasdaq Dubai debut in first for Middle East https://t.co/5ULXJaNtlT via @Yahoo"
156,1.40771e+18,17-06-2021 14:21,AT_CP_Digest,"#FTC to Review #Amazon Deal for #MGM, Source Says https://t.co/o9YWv7ogcr #ABASAL #Antitrust #ConsumerProtection #Yahoo"
157,1.4077e+18,17-06-2021 14:07,MeatBaldelli,@Yahoo Is excited about Buffalo NY getting a socialist mayor. Tell me these news outlets aren‚Äôt Chinese controlled. This country is headed for the communists. üá∫üá∏ America #Yahoo #YahooCommunists
158,1.4077e+18,17-06-2021 14:07,legpac,.@Twitter @YahooFinance #Yahoo #finance is #blocking #users!!! Better to use a #different #app or #website!!!
159,1.4077e+18,17-06-2021 13:53,legpac,.@Twitter @YahooFinance #Yahoo #finance is #blocking #users!!! Very #unreliable #website!!!
160,1.4077e+18,17-06-2021 13:51,guext65,"Pink Opal Crystal Dangle Earrings with Czs

https://t.co/1sdGe9I7ae

#earrings #dangle #pink #crystal #opal #cz #silver #chain #jw #yahoo #paypal #shopsmall #boho #party"
161,1.40769e+18,17-06-2021 13:37,Charlot29561193,"RT @_MrsWanted: üö® We were right. It was another lie.

#Yahoo and Meghan's fans should SUE Camilla Tominey for libel üíÄ #CamillaTomineyIsALiar"
162,1.40769e+18,17-06-2021 13:34,KVanbe,"RT @_MrsWanted: üö® We were right. It was another lie.

#Yahoo and Meghan's fans should SUE Camilla Tominey for libel üíÄ #CamillaTomineyIsALiar"
163,1.40769e+18,17-06-2021 13:30,_MrsWanted,"üö® We were right. It was another lie.

#Yahoo and Meghan's fans should SUE Camilla Tominey for libel üíÄ #CamillaTomineyIsALiar https://t.co/CzlQzWL8kN"
164,1.40769e+18,17-06-2021 13:10,S513_com,Zbuzzz Entertainment of Things.  Join us on Facebook for pure entertainment of things #Entertainment #Zbuzzz #internet #facebook #food #youtube #yahoo #instagram #news #netflix #hotels #travel Please Retweet  https://t.co/D4w2ID1nUM FBPB02G
165,1.40768e+18,17-06-2021 12:52,Chandansahoo378,"RT @SarvOfficial: Guess The Founders &amp; CEOs. Quiz: 03

#Sarv #GuessFounders #CEOs #famousfounders #quiz03 #SearchEngine #Yahoo #QuizKnock #‚Ä¶"
166,1.40768e+18,17-06-2021 12:30,JWonEtsy,"Clear Quartz chain necklace with wire

https://t.co/vL3bQvBWd8

#necklace #quartz #crystal #clear #silver #chain #jw #yahoo #paypal #deal #discount #boho"
167,1.40767e+18,17-06-2021 11:46,ShrabonAhamme10,"@mogoo98771600 I need a regular buyer who will buy this from me every day at a cheap price.

#Google_Voice#Edu_mail.
#Gmail #yahoo #Outlook
#USA_ANY_BANK_ACCOUNT
#LinkedIn #Twitte #Instagram #Facebook 

Skype: live:.cid.f3db3457c5230955
WhatsApp:+8801889179489
WeChat: usaseoreviews"
168,1.40767e+18,17-06-2021 11:46,ShrabonAhamme10,"@ankorokoromoti0 I need a regular buyer who will buy this from me every day at a cheap price.

#Google_Voice#Edu_mail.
#Gmail #yahoo #Outlook
#USA_ANY_BANK_ACCOUNT
#LinkedIn #Twitte #Instagram #Facebook 

Skype: live:.cid.f3db3457c5230955
WhatsApp:+8801889179489
WeChat: usaseoreviews"
169,1.40767e+18,17-06-2021 11:45,ShrabonAhamme10,"@SSHobbybell1 I need a regular buyer who will buy this from me every day at a cheap price.

#Google_Voice#Edu_mail.
#Gmail #yahoo #Outlook
#USA_ANY_BANK_ACCOUNT
#LinkedIn #Twitte #Instagram #Facebook 

Skype: live:.cid.f3db3457c5230955
WhatsApp:+8801889179489
WeChat: usaseoreviews"
170,1.40767e+18,17-06-2021 11:45,ShrabonAhamme10,"@sujanda46688889 I need a regular buyer who will buy this from me every day at a cheap price.

#Google_Voice#Edu_mail.
#Gmail #yahoo #Outlook
#USA_ANY_BANK_ACCOUNT
#LinkedIn #Twitte #Instagram #Facebook 

Skype: live:.cid.f3db3457c5230955
WhatsApp:+8801889179489
WeChat: usaseoreviews"
171,1.40767e+18,17-06-2021 11:45,ShrabonAhamme10,"@justinsuntron I need a regular buyer who will buy this from me every day at a cheap price.

#Google_Voice#Edu_mail.
#Gmail #yahoo #Outlook
#USA_ANY_BANK_ACCOUNT
#LinkedIn #Twitte #Instagram #Facebook 

Skype: live:.cid.f3db3457c5230955
WhatsApp:+8801889179489
WeChat: usaseoreviews"
172,1.40762e+18,17-06-2021 09:00,ujjawalkumar26,"RT @SarvOfficial: Guess The Founders &amp; CEOs. Quiz: 03

#Sarv #GuessFounders #CEOs #famousfounders #quiz03 #SearchEngine #Yahoo #QuizKnock #‚Ä¶"
173,1.40761e+18,17-06-2021 08:02,upstractcom,"Bitcoin ticks back up to $34,000 after a dizzying 48 hours #cnetbitcoin #crackdown #yahoo #china #cnn https://t.co/SBCHh109Ik"
174,1.40759e+18,17-06-2021 06:41,SEMTitans,"There are more than 50 search engines, how many do you know? Check out the blog to know more! Contact us for #digitalmarketing solutions at info@semtitans.com https://t.co/mazYmJkgjm
#searchengines #google #yahoo #bing https://t.co/RqNslx8NYo"
175,1.40759e+18,17-06-2021 06:29,smallbiznessbot,"RT @JWonEtsy: Quartz Stone Wired Chain Necklace

https://t.co/8WCHA9UZyz

#necklace #quartz #white #silver #handmade #jw #yahoo #paypal #sa‚Ä¶"
176,1.40759e+18,17-06-2021 06:27,JWonEtsy,"Quartz Stone Wired Chain Necklace

https://t.co/8WCHA9UZyz

#necklace #quartz #white #silver #handmade #jw #yahoo #paypal #sale #shopsmallbusiness #boho"
177,1.40758e+18,17-06-2021 05:46,guext65,"Red Cz Flower bronze dangle earrings

https://t.co/nwL3og00w6

#earrings #red #flower #cz #dangle #bronze #jw #yahoo #paypal #sale #shopping #retro"
178,1.40757e+18,17-06-2021 05:08,Nekranka1323,"@SarvOfficial Ans‚û°Ô∏è1)Jerry Yang¬†and¬†David Filo¬†

#Sarv #GuessFounders #CEOs #famousfounders #quiz03 #SearchEngine #Yahoo #QuizKnock #QuestionOfTheDay #WednesdayWisdom #wednesdayvibes #commentbelow"
179,1.40756e+18,17-06-2021 04:53,Deepak62032235,"RT @SarvOfficial: Guess The Founders &amp; CEOs. Quiz: 03

#Sarv #GuessFounders #CEOs #famousfounders #quiz03 #SearchEngine #Yahoo #QuizKnock #‚Ä¶"
180,1.40756e+18,17-06-2021 04:48,diglu_music,"#FERNANDES
#ZO3
#„Éï„Çß„É´„Éä„É≥„Éá„Çπ
ÔºÉ„Åû„ÅÜ„Åï„Çì„ÇÆ„Çø„Éº
#„É§„Éï„Ç™„ÇØ
#Yahoo
#buyee
#„ÇÆ„Çø„Éº
#guitar
#‰∏≠Âè§Ê•ΩÂô®
#used
#usedguitar

RT if you like itÔºÅ

https://t.co/1bOXAqoml7"
181,1.40756e+18,17-06-2021 04:34,SS_Tanwar,"RT @SarvOfficial: Guess The Founders &amp; CEOs. Quiz: 03

#Sarv #GuessFounders #CEOs #famousfounders #quiz03 #SearchEngine #Yahoo #QuizKnock #‚Ä¶"
182,1.40756e+18,17-06-2021 04:30,SarvOfficial,"Guess The Founders &amp; CEOs. Quiz: 03

#Sarv #GuessFounders #CEOs #famousfounders #quiz03 #SearchEngine #Yahoo #QuizKnock #QuestionOfTheDay #WednesdayWisdom #wednesdayvibes #commentbelow https://t.co/LQcesNdh1c"
183,1.40752e+18,17-06-2021 02:07,averyk26,that being said...i WILL still be celebrating stampede week by dressing like a slut in cowboy boots (at home) #yahoo
184,1.40749e+18,17-06-2021 00:18,diglu_music,"#Fender
#Fenderjapan
#Stratocaster
ÔºÉ„Çπ„Éà„É©„Éà
#TexasSpecial
#„É§„Éï„Ç™„ÇØ
#Yahoo
#buyee
#„ÇÆ„Çø„Éº
#guitar
#‰∏≠Âè§Ê•ΩÂô®
#used
#usedguitar

RT if you like itÔºÅ

https://t.co/GLPcTuyCTW"
185,1.40747e+18,16-06-2021 22:45,LawrenceTomm,"Hewlett Packard Enterprise Acquires Determined AI to Accelerate Artificial Intelligence Innovation with Fast and Simple Machine Learning Modeling. https://t.co/2aYwz2iuxC
#ArtificialInteligence #Yahoo"
186,1.40746e+18,16-06-2021 21:57,rameesaaqeel,"Facebook and Yahoo! And all these sites are so terrible. The moment hacker hacks an account, changes email address and deletes phone number, there‚Äôs no way to get it back. And these people don‚Äôt even support through their Help Center either. #facebook #yahoo"
187,1.40746e+18,16-06-2021 21:51,NHKCC1,"RT @jasrajshallan: Come on down to our Stampede breakfast on July 10th, from 8:30-11:00 am at Marlborough Mall. Can't wait to see everyone‚Ä¶"
188,1.40744e+18,16-06-2021 21:01,emc2events,"‚ú®Our history with The Calgary Stampede is a long and colourful one. Over the last 20 years, we have given guests so many unique experiences and love the true reflection of community spirit that this globally recognized event brings to Calgary. üíö 

#YAHOO #CalgaryStampede üê¥ü§† https://t.co/HMO51px0TC"
189,1.40744e+18,16-06-2021 20:52,Teelou40,"Who at #Yahoo is scoping Twitter for this content?  Not even 48 whole hours.  But notice, none of the brilliant Black American satire gets to be put in the piece?  Go figure, huh?

Michael B. Jordan‚Äôs new rum line sparks controversy https://t.co/eAtVAXCGWh via @Yahoo"
190,1.40744e+18,16-06-2021 20:43,Stereogoddess,#Pinterest is forever #pinned in my heart! My first social love after #yahoo chat rooms then and now twitter lol.
191,1.40743e+18,16-06-2021 20:03,jasrajshallan,"Come on down to our Stampede breakfast on July 10th, from 8:30-11:00 am at Marlborough Mall. Can't wait to see everyone again and resume one of my favourite Stampede traditions. We had a great time last year and I'm looking forward to seeing everyone again this year. #YAHOO! https://t.co/tScXhsb7fO"
192,1.40743e+18,16-06-2021 19:47,theaishaejaz,"RT @YahooSmBusiness: Even small business owners can make choices and take action to help avoid a climate change disaster. 

Learn more http‚Ä¶"
193,1.40741e+18,16-06-2021 19:05,shahada13547237,"Google Pixelbook Go ‚Äì Lightweight Chromebook Laptop
https://t.co/poERFRh1Ml
#google‡∏•‡πà‡∏° #Facebook #yahoo #sco #DigitalTransformation #AffiliateMarketing #makemoneyonline #LeeMinHo #laptob #CHAEUNWOO #BTSTHEBEST #TZUYU #baylaptob 
#GooglePixelbook  #Pixelbook #SearchEngineOptimizat https://t.co/o22cYcswKu"
194,1.4074e+18,16-06-2021 18:09,RocafortFred,Good of #Yahoo to pass along #CCP propaganda on #Xinjiang. https://t.co/ECmlRNKuCZ via @Yahoo
195,1.4074e+18,16-06-2021 17:59,Cyb3rMik3,I am still wondering how come this went through to #yahoo mailbox. I then forwarded it to #google #gmail and it was instantly blocked due to the attachment. https://t.co/a8BlQIdcqS
196,1.40739e+18,16-06-2021 17:33,hsgradigital,"Best Brand Promotion Agency in India
https://t.co/Sy7BkcyjVs

#BestBrandPromotionAgencyinIndia #BestBrandPromotionAgency #BestBrandPromotion #BrandPromotion #Searchengine #Search #Google #GoogleBrandPromotion #Bing #BingBrandPromotion #Yahoo #YahooBrandPromotion #HSGRA #Wikipedia https://t.co/Kudwnje3ip"
197,1.40739e+18,16-06-2021 17:26,hsgradigital,"Top Brand Promotion Agencies in India
https://t.co/Sy7BkcyjVs

#TopBrandPromotionAgenciesinIndia #TopBrandPromotionAgencies #BrandPromotion #Searchengine #search #Google #GoogleBrandPromotion #Bing #BingBrandPromotion #Yahoo #YahooBrandPromotion #HSGRA #Wikipedia https://t.co/3GNUkMPljH"
198,1.40739e+18,16-06-2021 17:18,hsgradigital,"Top Brand Promotion Agency in India
https://t.co/Sy7BkcyjVs

#TopBrandPromotionAgencyinIndia #TopBrandPromotionAgency #BrandPromotion #Searchengine #search #Google #GoogleBrandPromotion #Bing #BingBrandPromotion #Yahoo #YahooBrandPromotion #HSGRA #Wikipedia https://t.co/bujZOLw9Bg"
199,1.40739e+18,16-06-2021 17:16,MeghanPain,"@postersusa I saw this hairstyle at the #WestminsterDogShow
#Newsmax #Reuters #skynews #Hannity #FoxNews #BLM #IlhanOmar #CNN #MSNBC #twitter #Google #Yahoo #MAGA #TheView #trump #NYTimes #WSJ #USA #NBC #CBS #ABC #bing #AOC #GOP #AP #CPAC #JoeBiden #JudgeJeanine #TheViewCrew #MeghanMcCain https://t.co/XucZwoDp8J"
200,1.40738e+18,16-06-2021 16:45,io_domains,Auction for #domain https://t.co/G0Bg8qLvMg ends in 24 hours! https://t.co/GVPEGKqLUT #yahoo #to
201,1.40737e+18,16-06-2021 16:20,JWonEtsy,"Gems Stainless Steel Dangle Earrings

https://t.co/sCJ8Lgn1i4

#earrings #dangle #silver #yahoo #paypal #freeshipping #shopsmall #boho"
202,1.40737e+18,16-06-2021 16:14,PadiyarPrasanna,"RT @ShibuTeam: Good morning $SHIB GOT LISTED ON YAHOO FINANCE üí•üí•üí•üí•üöÄüöÄüöÄüöÄüöÄ

#SHIB #shiba #ShibaArmy #YAHOO https://t.co/ikpTv4cXRg"
203,1.40736e+18,16-06-2021 15:44,SanjaysahFCCA,"RT @YahooSmBusiness: Even small business owners can make choices and take action to help avoid a climate change disaster. 

Learn more http‚Ä¶"
204,1.40736e+18,16-06-2021 15:15,JJL87,"RT @YahooSmBusiness: Inbound marketing is focused on getting found by the right people when they are already learning and shopping. 

Learn‚Ä¶"
205,1.40735e+18,16-06-2021 15:09,TravelgirlMag,"Airbnb offers 'once-in-a-lifetime' opportunity to travel anywhere for a year

@Airbnb @YahooFinance

#travel #airbnb #yahoo #travelgirl #explore #vacation #experience 

https://t.co/Si7u41qSaJ"
206,1.40735e+18,16-06-2021 15:00,YahooSmBusiness,"Inbound marketing is focused on getting found by the right people when they are already learning and shopping. 

Learn more https://t.co/gNLAS9GvMq
1-833-740-1740

#yahoo #smallbusiness #SEO #websitedesign #blogger #branding #marketing #YSB"
207,1.40735e+18,16-06-2021 14:40,baconised,RT @TerryKaye714: What‚Äôs ur #seafood preference.?üá∫üá∏  #Polls #USA #media #COVID #TwitterPoll #Android #ipad #mtf #iPhone #Mask #Apple #poll‚Ä¶
208,1.40735e+18,16-06-2021 14:33,divinerakau,RT @TerryKaye714: What‚Äôs ur #seafood preference.?üá∫üá∏  #Polls #USA #media #COVID #TwitterPoll #Android #ipad #mtf #iPhone #Mask #Apple #poll‚Ä¶
209,1.40735e+18,16-06-2021 14:30,BigBull1029,"Six states ‚Äî Colorado, Connecticut, Montana, Arizona, Oklahoma and New Hampshire ‚Äî are offering return-to-work bonuses to unemployed folks who get a job. Depending on where you live, you could make up to $2,000. #yahoo"
210,1.40734e+18,16-06-2021 14:29,BigBull1029,Health experts predict that the U.S. could see a surge in coronavirus cases this fall due to that particularly contagious Delta variant. The catch: Upticks may be more likely in areas with lower vaccination rates. #yahoo
211,1.40734e+18,16-06-2021 14:22,upstractcom,"Dow Jones Today, Stocks Wobble Ahead Of Powell Testimony; Bitcoin Dives; Splunk, CrowdStrike Rally #dowjonestoday #yahoo #splunk #federalreserve #crowdstrikerallyinvestor #crowdstrikerallydowjones https://t.co/ofetfjiKCC"
212,1.40734e+18,16-06-2021 13:54,NaderAbouHamze1,#voyager #Yahoo finance.
213,1.40733e+18,16-06-2021 13:42,upstractcom,GOP ready to block elections bill in Senate showdown #newssenate #victory #yahoo #gop #biden #showdown https://t.co/mwgplXPftT
214,1.40733e+18,16-06-2021 13:25,ABAYUSEF,"No one believed #yahoo, #Hotmail #nokia would ever loss the market... where are they now?
The same will happen with #Bitcoin. 
Just matter of time."
215,1.40733e+18,16-06-2021 13:20,PowercutMusic,RT @S513_com: Zbuzzz Entertainment of Things.  Join us on Facebook for pure entertainment of things #Entertainment #Zbuzzz #internet #faceb‚Ä¶
216,1.40733e+18,16-06-2021 13:10,S513_com,Zbuzzz Entertainment of Things.  Join us on Facebook for pure entertainment of things #Entertainment #Zbuzzz #internet #facebook #food #youtube #yahoo #instagram #news #netflix #hotels #travel Please Retweet  https://t.co/D4w2ID1nUM FBPB01G
217,1.4073e+18,16-06-2021 11:20,guext65,"Red cz stainless steel stud earrings

https://t.co/m0jddaWJhy

#earrings #red #star #cz #black #stud #punk #fashion #jewelry #yahoo #paypal #shopsmallbusiness #streetwear"
218,1.40728e+18,16-06-2021 10:30,webseoanalytics,How to optimize &amp; submit your local search listings on #google #yahoo #bing: https://t.co/7zOKNO4tw3 #SEO #marketing
219,1.40728e+18,16-06-2021 10:06,JWonEtsy,"Asian Style Coin Wallet

https://t.co/ExGzfYEJXN

#wallet #asian #flower #green #cotton #jw #yahoo #paypal #freeshipping #western #shop"
220,1.40727e+18,16-06-2021 09:35,x3tko,Marlon Vera seeking redemption in Davey Grant rematch at UFC on ESPN 25: ‚ÄòI‚Äôm going to kick his ass‚Äô #Yahoo... https://t.co/RUdwP9F7vF
221,1.40726e+18,16-06-2021 08:32,upstractcom,Katie Thurston‚Äôs Bachelorette Contestants Unionized to Send This Schmuck Home #katiethurstondetailspastsituationwherethere #katiethurston #iwasindenial #peoplethebachelorette #contestants #yahoo https://t.co/4VnL3YoYK6
222,1.40724e+18,16-06-2021 07:19,susangrey63,"Does Anyone Still use #Chat_Rooms?
Read here - https://t.co/ugQocxAG2I #tuesdayvibe #Yahoo #chat"
223,1.40721e+18,16-06-2021 05:50,baileydog8,"RT @VicForAlberta: Remember, if you don't win, attendance at Stampede remains mandatory.
If you can't make it to Stampede, please arrange t‚Ä¶"
224,1.40721e+18,16-06-2021 05:32,upstractcom,Gerrit Cole can be agent of change in MLB's sticky situation: Sherman #shermangerritcole #mlb #espnbaseball #crackdown #yahoo #pitchers https://t.co/hD03b4rIv3
225,1.40721e+18,16-06-2021 05:17,guext65,"Hamsa hand evil eye key chain - clear

https://t.co/K5GYhj9BMZ

#keychain #crystal #hamsa #hand #leather #black #silver #bronze #fashion #jw #yahoo #paypal #Shopping"
226,1.4072e+18,16-06-2021 04:43,ETBrandEquity,"Guru Gowrappan, CEO at Verizon Media tells the plan for ‚ÄòYahoo‚Äô, and more.
@gurugk | @verizonmedia | @sonalikrishna | @ETNOWlive 

#media #yahoo #brandsolution
https://t.co/FGQtchXxYq"
227,1.4072e+18,16-06-2021 04:41,saraam0,"RT @VicForAlberta: Remember, if you don't win, attendance at Stampede remains mandatory.
If you can't make it to Stampede, please arrange t‚Ä¶"
228,1.40719e+18,16-06-2021 04:02,JWonEtsy,"Amethyst Asian Lock Style Chain Necklace

https://t.co/OYIGDvJn9L

#necklace #silver #amethyst #crystal #chain #handmade #jw #fashion #yahoo #paypal #asian #locker #style"
229,1.40718e+18,16-06-2021 03:46,ByersGlen,"RT @VicForAlberta: Remember, if you don't win, attendance at Stampede remains mandatory.
If you can't make it to Stampede, please arrange t‚Ä¶"
230,1.40718e+18,16-06-2021 03:23,kestrel_can,"RT @VicForAlberta: Remember, if you don't win, attendance at Stampede remains mandatory.
If you can't make it to Stampede, please arrange t‚Ä¶"
231,1.40717e+18,16-06-2021 03:06,sschinke,"RT @VicForAlberta: Remember, if you don't win, attendance at Stampede remains mandatory.
If you can't make it to Stampede, please arrange t‚Ä¶"
232,1.40717e+18,16-06-2021 02:51,kristadb1,"RT @VicForAlberta: Remember, if you don't win, attendance at Stampede remains mandatory.
If you can't make it to Stampede, please arrange t‚Ä¶"
233,1.40717e+18,16-06-2021 02:46,StephiGower,"RT @VicForAlberta: Remember, if you don't win, attendance at Stampede remains mandatory.
If you can't make it to Stampede, please arrange t‚Ä¶"
234,1.40716e+18,16-06-2021 02:11,Kimberleetweet1,"RT @VicForAlberta: Remember, if you don't win, attendance at Stampede remains mandatory.
If you can't make it to Stampede, please arrange t‚Ä¶"
235,1.40715e+18,16-06-2021 01:33,BeckieBoutilier,"RT @VicForAlberta: Remember, if you don't win, attendance at Stampede remains mandatory.
If you can't make it to Stampede, please arrange t‚Ä¶"
236,1.40715e+18,16-06-2021 01:18,BriggsAlexa,"‚Äú‚Ä¶do not infect anyone else but a small handful might infect dozens of people. In other words, most sparks of infection do not catch fire. But occasionally a single infection might cause an early super-spreader event, which ends up seeding a major outbreak.‚Äù #yahoo"
237,1.40714e+18,16-06-2021 01:11,AlbertaScience,"RT @VicForAlberta: Remember, if you don't win, attendance at Stampede remains mandatory.
If you can't make it to Stampede, please arrange t‚Ä¶"
238,1.40714e+18,16-06-2021 01:11,HitoshiMisaka2,"6 Destinations in Japan Where the Locals Love to Go
#Yahoo
#Trip #Japan üáØüáµ https://t.co/g58CRBCUxl https://t.co/4dw6aTDaZE"
239,1.40714e+18,16-06-2021 00:40,cjraymusic,"It‚Äôs #nationalselfieday thought I‚Äôd share my face with you. üòé

Also, HUGE thank you to @YahooFinance for the love on the ‚ÄòFor Each Other‚Äô EP &amp; Grant. You guys rock!

Yahoo! Finance article: https://t.co/DukPTQt1mX

#yahoo #yahoofinance #ForEachOtherCJRay https://t.co/r30SNoeGdS"
240,1.40713e+18,16-06-2021 00:25,PacificRaine,"RT @VicForAlberta: Remember, if you don't win, attendance at Stampede remains mandatory.
If you can't make it to Stampede, please arrange t‚Ä¶"
241,1.40713e+18,15-06-2021 23:55,WarrenG74,"RT @VicForAlberta: Remember, if you don't win, attendance at Stampede remains mandatory.
If you can't make it to Stampede, please arrange t‚Ä¶"
242,1.40712e+18,15-06-2021 23:52,GaryM,"RT @VicForAlberta: Remember, if you don't win, attendance at Stampede remains mandatory.
If you can't make it to Stampede, please arrange t‚Ä¶"
243,1.40711e+18,15-06-2021 22:58,aragondinaphoto,"RT @VicForAlberta: Remember, if you don't win, attendance at Stampede remains mandatory.
If you can't make it to Stampede, please arrange t‚Ä¶"
244,1.40711e+18,15-06-2021 22:53,JWonEtsy,"Gems chain bracelet with cz

https://t.co/nvHNfB5KKb

#bracelet #gem #silver #chain #charm #jw #yahoo #paypal #sale #deal #discount #ShopLocal #boho"
245,1.40711e+18,15-06-2021 22:42,armymedic942,"RT @VicForAlberta: Remember, if you don't win, attendance at Stampede remains mandatory.
If you can't make it to Stampede, please arrange t‚Ä¶"
246,1.4071e+18,15-06-2021 22:33,mikebatke,"RT @VicForAlberta: Remember, if you don't win, attendance at Stampede remains mandatory.
If you can't make it to Stampede, please arrange t‚Ä¶"
247,1.4071e+18,15-06-2021 22:30,Nicole_Hankel,"RT @VicForAlberta: Remember, if you don't win, attendance at Stampede remains mandatory.
If you can't make it to Stampede, please arrange t‚Ä¶"
248,1.4071e+18,15-06-2021 22:20,mimosamamma69,"RT @VicForAlberta: Remember, if you don't win, attendance at Stampede remains mandatory.
If you can't make it to Stampede, please arrange t‚Ä¶"
249,1.4071e+18,15-06-2021 22:15,anniegirl1138,"RT @VicForAlberta: Remember, if you don't win, attendance at Stampede remains mandatory.
If you can't make it to Stampede, please arrange t‚Ä¶"
250,1.4071e+18,15-06-2021 22:12,ghostcatbce,"RT @VicForAlberta: Remember, if you don't win, attendance at Stampede remains mandatory.
If you can't make it to Stampede, please arrange t‚Ä¶"
251,1.4071e+18,15-06-2021 22:09,SKRollins,"RT @VicForAlberta: Remember, if you don't win, attendance at Stampede remains mandatory.
If you can't make it to Stampede, please arrange t‚Ä¶"
252,1.4071e+18,15-06-2021 22:07,dee_izzle,"RT @VicForAlberta: Remember, if you don't win, attendance at Stampede remains mandatory.
If you can't make it to Stampede, please arrange t‚Ä¶"
253,1.4071e+18,15-06-2021 22:06,dustyferg,"RT @VicForAlberta: Remember, if you don't win, attendance at Stampede remains mandatory.
If you can't make it to Stampede, please arrange t‚Ä¶"
254,1.4071e+18,15-06-2021 22:04,bauthorfowler,"RT @VicForAlberta: Remember, if you don't win, attendance at Stampede remains mandatory.
If you can't make it to Stampede, please arrange t‚Ä¶"
255,1.4071e+18,15-06-2021 22:03,HandmaidAlberta,"RT @VicForAlberta: Remember, if you don't win, attendance at Stampede remains mandatory.
If you can't make it to Stampede, please arrange t‚Ä¶"
256,1.40709e+18,15-06-2021 21:40,BigNasty6oh4,"RT @VicForAlberta: Remember, if you don't win, attendance at Stampede remains mandatory.
If you can't make it to Stampede, please arrange t‚Ä¶"
257,1.40709e+18,15-06-2021 21:34,focusedpathinc,"RT @VicForAlberta: Remember, if you don't win, attendance at Stampede remains mandatory.
If you can't make it to Stampede, please arrange t‚Ä¶"
258,1.40708e+18,15-06-2021 21:13,Moe456,"RT @VicForAlberta: Remember, if you don't win, attendance at Stampede remains mandatory.
If you can't make it to Stampede, please arrange t‚Ä¶"
259,1.40708e+18,15-06-2021 20:50,LACGFY,"RT @VicForAlberta: Remember, if you don't win, attendance at Stampede remains mandatory.
If you can't make it to Stampede, please arrange t‚Ä¶"
260,1.40707e+18,15-06-2021 20:33,LSzmul,"RT @VicForAlberta: Remember, if you don't win, attendance at Stampede remains mandatory.
If you can't make it to Stampede, please arrange t‚Ä¶"
261,1.40707e+18,15-06-2021 20:32,janbear105,"RT @VicForAlberta: Remember, if you don't win, attendance at Stampede remains mandatory.
If you can't make it to Stampede, please arrange t‚Ä¶"
262,1.40707e+18,15-06-2021 20:31,MouradB,"RT @VicForAlberta: Remember, if you don't win, attendance at Stampede remains mandatory.
If you can't make it to Stampede, please arrange t‚Ä¶"
263,1.40707e+18,15-06-2021 20:30,janetdirks,"RT @VicForAlberta: Remember, if you don't win, attendance at Stampede remains mandatory.
If you can't make it to Stampede, please arrange t‚Ä¶"
264,1.40707e+18,15-06-2021 20:30,CountFloyd2020,"RT @VicForAlberta: Remember, if you don't win, attendance at Stampede remains mandatory.
If you can't make it to Stampede, please arrange t‚Ä¶"
265,1.40707e+18,15-06-2021 20:27,guist_pat,"RT @VicForAlberta: Remember, if you don't win, attendance at Stampede remains mandatory.
If you can't make it to Stampede, please arrange t‚Ä¶"
266,1.40707e+18,15-06-2021 20:14,mapleservo,"RT @VicForAlberta: Remember, if you don't win, attendance at Stampede remains mandatory.
If you can't make it to Stampede, please arrange t‚Ä¶"
267,1.40707e+18,15-06-2021 20:09,JasonCopland,"RT @VicForAlberta: Remember, if you don't win, attendance at Stampede remains mandatory.
If you can't make it to Stampede, please arrange t‚Ä¶"
268,1.40707e+18,15-06-2021 20:06,mc_koko_b,"Hope You Know Say #BTC Boys 
Spray Pass #Yahoo Boys...ü§îüôÑüòÅ
#MKB 
Abi No Different üòíüòí"
269,1.40707e+18,15-06-2021 20:06,mcshanehedges,"RT @VicForAlberta: Remember, if you don't win, attendance at Stampede remains mandatory.
If you can't make it to Stampede, please arrange t‚Ä¶"
270,1.40707e+18,15-06-2021 19:59,fittertodaybos,It's a beautiful day to get Fitter Today? üòò #test #hashtag #yahoo #nike #socialmedialab #socialpodcasts #APpodcast https://t.co/CR4FgXDePE
271,1.40706e+18,15-06-2021 19:54,Janet63388900,"RT @VicForAlberta: Remember, if you don't win, attendance at Stampede remains mandatory.
If you can't make it to Stampede, please arrange t‚Ä¶"
272,1.40706e+18,15-06-2021 19:43,CDelaruse,"RT @VicForAlberta: Remember, if you don't win, attendance at Stampede remains mandatory.
If you can't make it to Stampede, please arrange t‚Ä¶"
273,1.40706e+18,15-06-2021 19:40,BigBull1029,"After struggling to lure people back to the skies for the past year, American Airlines is cutting one percent of its July flights due to issues handling the sudden surge in travel demand. #yahoo"
274,1.40706e+18,15-06-2021 19:33,bgiourme,"RT @VicForAlberta: Remember, if you don't win, attendance at Stampede remains mandatory.
If you can't make it to Stampede, please arrange t‚Ä¶"
275,1.40706e+18,15-06-2021 19:32,QueenofDogHair,"RT @VicForAlberta: Remember, if you don't win, attendance at Stampede remains mandatory.
If you can't make it to Stampede, please arrange t‚Ä¶"
276,1.40706e+18,15-06-2021 19:26,RadioMcLean,"RT @VicForAlberta: Remember, if you don't win, attendance at Stampede remains mandatory.
If you can't make it to Stampede, please arrange t‚Ä¶"
277,1.40706e+18,15-06-2021 19:20,CaffeineSociali,"RT @VicForAlberta: Remember, if you don't win, attendance at Stampede remains mandatory.
If you can't make it to Stampede, please arrange t‚Ä¶"
278,1.40706e+18,15-06-2021 19:19,JusticeSadie,"WOWZA! Just when you think the #UCP #JasonKenney ü§°ü§† can't be anymore #ridiculous ... #HereWeGo If I ""win"" Tickets to #Stampede Vs a Real prize I would lose my üí© #OnlyInBerta #Yahoo #YYC ü§¨ü§Øüò∑ https://t.co/ZdmtYZjEdW"
279,1.40705e+18,15-06-2021 19:16,YegTracy,"RT @VicForAlberta: Remember, if you don't win, attendance at Stampede remains mandatory.
If you can't make it to Stampede, please arrange t‚Ä¶"
280,1.40705e+18,15-06-2021 18:59,zyzeer,"RT @VicForAlberta: Remember, if you don't win, attendance at Stampede remains mandatory.
If you can't make it to Stampede, please arrange t‚Ä¶"
281,1.40705e+18,15-06-2021 18:45,Troyliss,"RT @VicForAlberta: Remember, if you don't win, attendance at Stampede remains mandatory.
If you can't make it to Stampede, please arrange t‚Ä¶"
282,1.40704e+18,15-06-2021 18:28,TruckerDougYEG,Our tax payer dollars at work. #Yahoo @SinnyYEG https://t.co/AY6n1zAKas
283,1.40704e+18,15-06-2021 18:20,slightlycaustic,"RT @VicForAlberta: Remember, if you don't win, attendance at Stampede remains mandatory.
If you can't make it to Stampede, please arrange t‚Ä¶"
284,1.40704e+18,15-06-2021 18:12,leftynut,"RT @VicForAlberta: Remember, if you don't win, attendance at Stampede remains mandatory.
If you can't make it to Stampede, please arrange t‚Ä¶"
285,1.40704e+18,15-06-2021 18:12,NoDronesCanada,"RT @VicForAlberta: Remember, if you don't win, attendance at Stampede remains mandatory.
If you can't make it to Stampede, please arrange t‚Ä¶"
286,1.40704e+18,15-06-2021 18:00,news_by_gatfil,"üì∞ Ultime news - Parole chiave

2021 #2021
COVID19 #COVID19
Day #Day
Prime #Prime
Live #Live
Covid19 #Covid19
Prime Day #PrimeDay
India #India
Yahoo #Yahoo
Amazon #Amazon

#NewsByGatfil https://t.co/3Mhg1syO2q"
287,1.40704e+18,15-06-2021 17:59,beachmagoo,"RT @VicForAlberta: Remember, if you don't win, attendance at Stampede remains mandatory.
If you can't make it to Stampede, please arrange t‚Ä¶"
288,1.40703e+18,15-06-2021 17:36,SeeDogThink,"RT @VicForAlberta: Remember, if you don't win, attendance at Stampede remains mandatory.
If you can't make it to Stampede, please arrange t‚Ä¶"
289,1.40703e+18,15-06-2021 17:24,FeysLeigh,"RT @VicForAlberta: Remember, if you don't win, attendance at Stampede remains mandatory.
If you can't make it to Stampede, please arrange t‚Ä¶"
290,1.40703e+18,15-06-2021 17:23,LauraLMcNabb,"RT @VicForAlberta: Remember, if you don't win, attendance at Stampede remains mandatory.
If you can't make it to Stampede, please arrange t‚Ä¶"
291,1.40703e+18,15-06-2021 17:23,DrJayDrNo,"RT @VicForAlberta: Remember, if you don't win, attendance at Stampede remains mandatory.
If you can't make it to Stampede, please arrange t‚Ä¶"
292,1.40703e+18,15-06-2021 17:23,VicForAlberta,Both. #Yahoo https://t.co/QarEwAze9Y
293,1.40703e+18,15-06-2021 17:22,anonfmresident,"RT @VicForAlberta: Remember, if you don't win, attendance at Stampede remains mandatory.
If you can't make it to Stampede, please arrange t‚Ä¶"
294,1.40703e+18,15-06-2021 17:22,BugJudy,"RT @VicForAlberta: Remember, if you don't win, attendance at Stampede remains mandatory.
If you can't make it to Stampede, please arrange t‚Ä¶"
295,1.40703e+18,15-06-2021 17:20,VicForAlberta,"Remember, if you don't win, attendance at Stampede remains mandatory.
If you can't make it to Stampede, please arrange to have the Delta Variant delivered to your house. #Yahoo #AbLeg https://t.co/cabrEGlWle"
296,1.40702e+18,15-06-2021 17:10,guext65,"Black Cz Starship Tibetan Silver Ring

https://t.co/zZgmQvsFIY

#ring #black #silver #starship #fashion #punk #jw #yahoo #paypal #shoponline #party"
297,1.40702e+18,15-06-2021 16:49,JWonEtsy,"5 Skulls Black Leather Band Bracelet

https://t.co/BBPgB05epe

#bracelet #band #leather #skull #punk #fashion #yahoo #paypal #shopsmall"
298,1.40701e+18,15-06-2021 16:13,klmfasihi,"Look at the numbers of vaccine administered today by different media org

#ndtv #NDTVCoronavirusTracker #yahoo #COVID19 #COVIDVaccination https://t.co/5TJqKlLEsI"
299,1.40699e+18,15-06-2021 15:04,doyourememberwh,Nice Hand Made Baby Quilt Blanket BedTime Dreaming Infant Quilt https://t.co/MxBC85fwa1 #doyourememberwhen #Etsy #Yahoo https://t.co/OyfoDt9KLD
300,1.40699e+18,15-06-2021 15:03,jakestwt,free at least üò≠üò≠üò≠üíûüíûüíûüíû #schoolsout #yahoo https://t.co/jIbFZp0SIm
301,1.40699e+18,15-06-2021 15:00,JFSebastian146,"RT @YahooSmBusiness: Even small business owners can make choices and take action to help avoid a climate change disaster. 

Learn more http‚Ä¶"
302,1.40699e+18,15-06-2021 15:00,YahooSmBusiness,"Even small business owners can make choices and take action to help avoid a climate change disaster. 

Learn more https://t.co/3krf6jsvg2
1-833-740-1740

#yahoo #smallbusiness #climatechange #lead #shopsmall #bethechange #grow #YSB"
303,1.40697e+18,15-06-2021 13:36,DominoTristan,No #COVID19 cakes @calgarystampede for me !!!aint going to that #DeltaVariant Superspreader event !!! #yahoo #abpoli #AbLeg https://t.co/LSTN1O5FcD
304,1.40696e+18,15-06-2021 13:10,S513_com,Zbuzzz Entertainment of Things.  Join us on Facebook for pure entertainment of things #Entertainment #Zbuzzz #internet #facebook #food #youtube #yahoo #instagram #news #netflix #hotels #travel Please Retweet  https://t.co/D4w2ID1nUM FBPB05G
305,1.40695e+18,15-06-2021 12:02,francvs,"RT @ZeeNewsEnglish: #Yahoo Mobile shuts down after 1 year of launch, users must switch to #Visible https://t.co/aoFbBICzmC"
306,1.40694e+18,15-06-2021 11:58,francvs,"RT @TechMahour: Yahoo mobile shutdown after 1year of launch, users switch on visible
#yahoo #TMARMY #TechMahour"
307,1.40694e+18,15-06-2021 11:48,diglu_music,"#Epiphone #„Ç®„Éî„Éï„Ç©„É≥
#LesPaul #„É¨„Çπ„Éù„Éº„É´
#Ë©¶Â•èÂãïÁîª
#SeymourDuncan #„Çª„Ç§„É¢„Ç¢„ÉÄ„É≥„Ç´„É≥
#SH5 #SH1
#„É§„Éï„Ç™„ÇØ #Yahoo #buyee
#guitar #„ÇÆ„Çø„Éº
#‰∏≠Âè§Ê•ΩÂô® #used #usedguitar

RT if you like itÔºÅ
https://t.co/uDAsnV8xtD
https://t.co/tP4cgbbsT3"
308,1.40694e+18,15-06-2021 11:40,BigBull1029,"the entire crypto market had lost 6.8% of its value over the last 24 hours, according to data provider CoinMarketCap. #yahoo"
309,1.40694e+18,15-06-2021 11:39,BigBull1029,"Two weeks back, data on consumer prices in May showed the consumer price index jumped by 5% over the prior year, the biggest jump since 2008. This past week, data on producer prices showed a 6.6% jump over last year in May, the biggest increase since 2010.¬†#yahoo"
310,1.40694e+18,15-06-2021 11:38,guext65,"Amethyst and smoky quartz Tibetan silver ring

https://t.co/QKlK64eBhI

#ring #amethyst #quartz #purple #black #silver #band #handmade #yahoo #paypal #freeshipping #sale #deal #shopSmallBusiness #bright"
311,1.40694e+18,15-06-2021 11:30,BigBull1029,"no sector within the benchmark index cited inflation more often than consumer staples, where 84% of members discussed price pressures during their calls.¬†#yahoo"
312,1.40692e+18,15-06-2021 10:20,JWonEtsy,"Buddha Tibetan Silver Chain Necklace

https://t.co/ghc4XDyBbZ

#necklace #silver #buddha #head #chain #chain #asian #asianstyle #jw #yahoo #paypal #onlinebusiness #western"
313,1.40691e+18,15-06-2021 09:48,life_mystery,"People taking control of their lives &amp; knowing what they want to fulfill their financial needs. #jobs
#Employment #employees
#economy #Economic
#news #yahoo #coronavirus #COVID #Covid_19 #Pandemic
https://t.co/G2BlsKeOqu"
314,1.40691e+18,15-06-2021 09:33,KingOnScene,"I'm an #artist and #entrepreneur in #Wyoming making his way to #SanDiego #LosAngeles with new #music, new #brands and #business plans looking to #network and potentially #partner with #professionals. @Clubhouse #Clubhouse #FoxNews #KTLA #Yahoo #MSNBC #sundayvibes #Newsnight"
315,1.40691e+18,15-06-2021 09:25,LKPSECURITIES,"FPIs invest Rs 13,667 cr in Indian mkts in June so far - S. Ranganathan @YahooNews 

#StockUpdate #Business #Equities #LKPNews #LKPSecurities #trading #money #investment #finance #investor #financialfreedom #Traders #nifty50 #Yahoo 

https://t.co/nV2u7G90O6"
316,1.40687e+18,15-06-2021 06:58,SridharRaytrace,Good news coming soon üßò‚Äç‚ôÄÔ∏èüßò‚Äç‚ôÇÔ∏è#internationalyogaday #facebook #instagram #twitter #google #yahoo #youtube #blogger #snapchat #blog #helo #sharechat #snapchat #whatsapp https://t.co/URo6OXehJZ
317,1.40687e+18,15-06-2021 06:52,StudyVisaAbroad,"Happy International Yoga Day
study visa consultants in jalandhar visible on #twitter
#google #facebook #linkedin #seo #SocialMedia 
#yoga #offpageseo #Instagram #bing #ask #yahoo"
318,1.40686e+18,15-06-2021 06:12,upstractcom,Jon Rahm wins US Open at Torrey Pines on his first Father's Day #usopen #fathersdayjonrahm #yahoo #fathersday #tournament #unitedstatesgolfassociation https://t.co/4tlkdufERs
319,1.40685e+18,15-06-2021 05:48,threader_app,"@anproghub Hey Ankush, your thread is compiled now. You can read it here: https://t.co/9dv3dzdFhK  #google #facebook #yahoo #startup"
320,1.40685e+18,15-06-2021 05:35,guext65,"Flower thread Bronze ring

https://t.co/5SbIZoj3sC

#ring #flower #thread #bronze #adjustable #round #rainbow #handmade #jw #yahoo #paypal #shoponline #cute"
321,1.40684e+18,15-06-2021 05:05,shd_horie,"RT @ReleaseI: Our Release Project uses the latest technologies such as AI, blockchain and big data to radically change the logistics of agr‚Ä¶"
322,1.40683e+18,15-06-2021 04:30,webseoanalytics,"#SEO Tip:Optimize each page for 1or2 keywords.Add them in title,h1-6 +mind the keyword density #google #yahoo #bing"
323,1.40683e+18,15-06-2021 04:22,upstractcom,American Airlines canceling hundreds of flights through mid-July in part due to labor shortages #voicesamericanairlines #hundreds #americanairlines #yahoo #flights #cnn https://t.co/k9ciOv4JGz
324,1.40682e+18,15-06-2021 03:32,TechMahour,"Yahoo mobile shutdown after 1year of launch, users switch on visible
#yahoo #TMARMY #TechMahour"
325,1.4068e+18,15-06-2021 02:04,doyourememberwh,Costume Rhinestone Guitar Brooch Pin https://t.co/TIMB1sKenl #Etsy #doyourememberwhen #Yahoo https://t.co/zSqqjv8wDC
326,1.40678e+18,15-06-2021 01:04,doyourememberwh,Vintage Stuffed 7 Inch Neiman Marcus Snowman with a bag Stocking Stuffer https://t.co/vLKvKVWwCU #doyourememberwhen #Etsy #Yahoo https://t.co/VqIxbouc9x
327,1.40677e+18,15-06-2021 00:07,ibad700,"RT @mak_gulf: @elonmusk All #coins 
Starting with H F D going to #moon today 
üòúü§™
#ToTheMoon 
#btc
#eth
#binance
#ShoaibAkhtarNFT 
#FirstCri‚Ä¶"
